Feature ID,Feature Name,User Story,Expected Behaviour,Edge Cases,Validation Rules,Dependencies,Known Assumptions,Test Cases,Current Status,Defect Count,Severity,Notes,Last Tested Date,Source Evidence
UI-001,Title / Continue,"As a returning coach, I want to resume or start a career so I can enter the coaching world.","Load the primary save or backup; show recovery controls on load failure; offer new career setup and settings; do not silently create a new world when a save exists.","No save; corrupt primary; valid backup; future schema; retry; cancel setup.","Save envelope markers and schema are validated before decode; recovery actions remain explicit.","CoachWorldAppRootView; SaveCoordinator; TitleContinueView; SettingsAccessibilityView","A valid local save is the only source of an existing career.","T-UI-001-H restore; T-UI-001-E corrupt/future save; T-UI-001-A VoiceOver and AX5.","Implemented; unit and contract covered; live simulator unverified",0,Medium,"Entry is routed from the shipped app root; no network or account dependency.",2026-08-19,"App/ProFootballCoachApp.swift; Sources/CoachWorldApp/CoachWorldAppRootView.swift; SaveDocumentTests.swift"
UI-002,New Career & Coach Identity,"As a new player, I want to choose my coach identity, seed, and starting job so I can begin a deterministic career.","Generate eligible starting jobs for the selected seed; accept bounded names and a programme ID; build and persist a new career; surface generation or stale-selection errors.","Blank names; whitespace; names over 24 characters; stale programme ID; no eligible jobs; rapid seed changes; duplicate start taps.","Trim names and cap each at 24 characters; require a UUID programme ID; ignore stale job requests; block duplicate starts.","CoachWorldStore.newCareer; startingJobs; NewCareerCoachIdentityView; SaveCoordinator","Starting jobs are deterministic and generated off the main actor.","T-UI-002-H valid identity; T-UI-002-I stale programme; T-UI-002-B empty/long names; T-UI-002-C repeated taps.","Implemented; provider and save paths covered; live form unverified",0,Medium,"The form is a trust boundary for user input and must be manually checked at AX5.",2026-08-19,"CoachWorldStore.swift; NewCareerCoachIdentityView.swift; Career session and save suite"
UI-003,Job Board,"As a coach seeking work, I want to inspect available jobs so I can choose my next appointment.","Render career opportunities and route job-board actions to the composite Career Hub.","No opportunities; stale opportunity; resigned career; no career model.","Only opportunities present in the Career Hub model can be accepted.","CareerHubReadModel; JobBoardView; CoachWorldAppRootView career focus","Job Board is a legacy alias, not a separate persistent screen.","T-UI-003-H inspect and accept; T-UI-003-E stale/no opportunity; T-UI-003-N alias navigation.","Implemented as alias to Career Hub; live journey unverified",0,Medium,"Registry ID 3 resolves to screen 52.",2026-08-19,"ScreenRegistry.swift; CoachWorldAppRootView.swift; CareerArcTests.swift"
UI-004,Offer,"As a coach with an opportunity, I want to review and accept or decline it with a clear consequence.","Show the selected opportunity through Career Hub focus and allow accept or resignation actions.","Opportunity disappears; accept twice; decline/resign; no current job.","Stable opportunity IDs are parsed and revalidated by the store/session.","CareerHubReadModel; CareerHubView; CoachWorldStore.acceptCareerOpportunity","Offer is a legacy alias and uses the same model as Career Hub.","T-UI-004-H accept; T-UI-004-E stale ID; T-UI-004-C repeated action.","Implemented as alias to Career Hub; live journey unverified",0,Medium,"No separate Offer persistence model exists.",2026-08-19,"ScreenRegistry.swift; CoachWorldStore.swift; CareerHubView.swift"
UI-005,Appointment,"As an appointed coach, I want to see the appointment outcome so I know where my career now stands.","Resolve Appointment through Career Hub focus and show the accepted current job or an actionable refusal.","Appointment after resignation; missing career; stale saved route.","Career control authority validates the appointment transition.","CareerSession; CareerControlSystem; CareerHubReadModel","Appointment is a legacy entry alias.","T-UI-005-H accepted appointment; T-UI-005-E invalid transition; T-UI-005-R restore route.","Implemented as alias to Career Hub; live journey unverified",0,Medium,"Registry ID 5 resolves to Career Hub for new presentation routes.",2026-08-19,"ScreenRegistry.swift; CoachWorldAppRootView.swift; CareerControlTests.swift"
UI-006,Settings & Accessibility,"As a player using assistive technology, I want settings and accessibility controls available before and during a career.","Open settings from title and career navigation; close back to title or HQ; keep the dark palette and accessibility contracts.","Open before save; open after restore; close from entry; AX5; VoiceOver; reduce motion.","The surface is always included in available screens; controls have minimum targets and labels through shared contracts.","SettingsAccessibilityView; ScreenRegistry; CoachWorldFloodlitComposition","Floodlit is dark-only; iPhone landscape is the supported orientation.","T-UI-006-H entry and in-career access; T-UI-006-A VoiceOver/AX5/reduce motion; T-UI-006-N back route.","Implemented; contract lane passed; live interaction unverified",0,Medium,"Prior critique found in-career reachability risk; current code statically includes settings but needs device confirmation.",2026-08-19,"SettingsAccessibilityView.swift; ScreenRegistry.swift; AccessibilityReflowTests.swift; MotionContractTests.swift"
UI-007,World Search,"As a coach, I want to search the fictional football world so I can inspect programmes and teams.","Provide a bounded search/read model of fictional identities and route team selection to a team profile.","Empty query; no matches; duplicate names; selected team removed; long result lists.","Results are derived from map and organisation IDs; selection must resolve to an existing organisation.","CoachWorldTeamProfileProvider; WorldSearchView; TeamProgrammeProfileView","All identities are fictional and generated deterministically.","T-UI-007-H search/select; T-UI-007-E empty/no match; T-UI-007-L long results; T-UI-007-Legal fictional-name scan.","Implemented; provider and legal suites covered; live journey unverified",0,Medium,"No network search is expected.",2026-08-19,"CoachWorldTeamProfileProvider.swift; WorldSearchView.swift; LegalTests.swift"
UI-008,Coaching HQ,"As a head coach, I want a weekly command hub showing obligations, evidence, and the next action so I can run the season.","Show the authoritative week, team, opponent, decisions, correspondence, preparation state, and actions to commit, delegate, inspect film, prepare, and advance.","No opponent; pending decision; missing plans; delegated responsibility; save failure; no inbox item.","Only intents in the read model are accepted; advance is refused until required plans exist; refusal copy is player-facing.","CoachWorldStore; CoachWorldReadModelProvider; CoachingHQView; CareerSession","The read model never invents hidden facts; empty backing data is shown as unavailable.","T-UI-008-H inspect/prepare/advance; T-UI-008-E missing plans; T-UI-008-S stale intent; T-UI-008-A AX5/VoiceOver.","Implemented; full suite and read-model tests passed; live week walkthrough unverified",1,High,"G-05 from prior live critique is a regression risk; current refusal path is covered but the rendered status receipt needs device confirmation.",2026-08-19,"CoachingHQView.swift; CoachWorldStore.swift; ReadModelProviderTests.swift; full suite"
UI-009,Inbox,"As a coach, I want to read correspondence and return to where I came from so I can act on information without losing context.","List retained inbox items; mark items read; persist bounded read receipts; open supported routes; return to the origin route.","Empty inbox; duplicate read; more than receipt cap; stale route; origin roster vs HQ.","Stable IDs are required; read receipts are bounded; origin is encoded in presentation state.","CoachWorldInboxProvider; InboxView; CareerPresentationState; SaveCoordinator","Inbox is local presentation state backed by the save document.","T-UI-009-H open/mark read/return; T-UI-009-E stale item; T-UI-009-B receipt cap; T-UI-009-R save/restore.","Implemented; persistence/read-model tests passed; live journey unverified",0,Medium,"One HQ callback intentionally does not open correspondence and is a coverage gap to verify.",2026-08-19,"InboxView.swift; CoachWorldStore.markInboxItemRead; SaveDocumentTests.swift"
UI-010,Opponent Report / Film Room,"As a coach, I want observer-scoped opponent evidence so I can prepare without seeing hidden truth.","Open retained tactical observations, show sample size/confidence/rates, and refuse when no current observation exists.","No opponent; stale observation; zero samples; unavailable scout; open from match day vs HQ.","Only observations keyed to the controlled observer/opponent/calendar are displayed; no current truth is substituted.","CoachWorldStore.inspectOpponentFilm; OpponentFilmReadModel; OpponentReportFilmRoomView","Scouting knowledge is distinct from hidden simulation truth.","T-UI-010-H inspect/open; T-UI-010-E missing/stale evidence; T-UI-010-P privacy of hidden values.","Implemented; provider path covered; live observation display unverified",0,Medium,"Film is intentionally limited to scouting, tactics, and replay.",2026-08-19,"CoachWorldStore.swift; OpponentReportFilmRoomView.swift; TacticalStateTests.swift"
UI-011,Game Plan,"As a coach, I want to set tactical identity before a week or match so the simulation uses my chosen plan.","Display current tactical plan; allow valid plan changes; return to the origin; encode match tactical submissions with fixture and revision.","Invalid/stale plan; open from match day; cancel; two concurrent updates; stale revision.","Plan enum values must be valid; session revalidates fixture ID and revision.","GamePlanView; TacticalPlan; CoachWorldStore.setGamePlan/matchControl; CareerSession","Game plan is authoritative input, not a view-only preference.","T-UI-011-H set/return; T-UI-011-S stale match revision; T-UI-011-I invalid enum; T-UI-011-C concurrent action.","Implemented; tactical suites passed; live journey unverified",0,Medium,"The route is shared by weekly planning and in-match tactics.",2026-08-19,"GamePlanView.swift; CoachWorldStore.swift; TacticalManagementTests.swift; MatchReducerTests.swift"
UI-012,Practice Plan,"As a coach, I want to choose practice emphasis so the week can advance with an intentional preparation plan.","Show the practice plan and available choices; persist a valid selection; refuse week advancement until required preparation exists.","No minutes; insufficient budget; stale option; repeated selection; accessibility text expansion.","Minutes and plan values are validated by the tactical authority.","PracticePlanView; TacticalPractice; CoachWorldStore.setPracticePlan; CareerSession","A plan must exist for advanceWeek when the authority requires it.","T-UI-012-H choose/advance; T-UI-012-B budget boundary; T-UI-012-S stale choice; T-UI-012-A AX5.","Implemented; provider and tactical suites passed; live journey unverified",0,Medium,"Weekly advance refusal is a high-value user journey.",2026-08-19,"PracticePlanView.swift; CoachWorldStore.swift; TacticalManagementTests.swift"
UI-013,Team Health,"As a coach, I want fatigue, injury, suspension, and condition evidence so I can manage availability.","Show bounded player health statuses and aggregate condition/fatigue counts derived from lifecycle state.","Empty roster; player missing lifecycle; 128+ statuses; injured and suspended player; zero average denominator.","Rows are bounded to 128; empty averages use safe defaults; IDs must map to players.","CoachWorldTeamHealthProvider; TeamHealthView; people lifecycle state","Health is read-only on this surface and changes through simulation.","T-UI-013-H inspect health; T-UI-013-B empty/128 bound; T-UI-013-C injury/suspension evidence.","Implemented; lifecycle suites passed; live journey unverified",0,Medium,"Manual device review is needed for long generated names.",2026-08-19,"CoachWorldTeamHealthProvider.swift; TeamHealthView.swift; PeopleLifecycleTests.swift"
UI-014,Match Day,"As a coach, I want to watch the current match and make bounded coaching calls without controlling players directly.","Render the deterministic match checkpoint, score/field state, pause/takeover/advance controls, tactical plan and call-ins, and allow a truthful exit path.","Match not started; match in progress; stale checkpoint; interruption; pause; final snap; no fixture.","Intent IDs include fixture and revision; session refuses stale or invalid actions; no direct player control exists.","MatchDayView; MatchDayField; CoachWorldStore.matchControl; MatchReducer","Canvas/Timeline render a 2D view; match decisions are coach-level only.","T-UI-014-H start/advance/call-in; T-UI-014-S stale revision; T-UI-014-B first/final snap; T-UI-014-A VoiceOver/control labels; T-UI-014-R rotate at install floor.","Implemented; match and reducer suites passed; simulator/manual layout unverified",1,High,"Prior UI review identified navigation/landscape risk; current code requires a real-device walk.",2026-08-19,"MatchDayView.swift; MatchDayField.swift; MatchReducerTests.swift; docs/reviews/2026-08-18-exhaustive-design-critique.md"
UI-015,Aftermath,"As a coach, I want a post-match receipt so I can understand what happened and continue the week.","Show authoritative result and consequences; continue to HQ; open the detailed box score; persist route changes.","No aftermath; close before persistence; draw/tie; missing box score; duplicate continue.","Model must be present; box score route requires aftermath; result is read-only from engine output.","AftermathView; GameDetailBoxScoreView; CoachWorldStore; SaveCoordinator","The aftermath is produced by the match authority.","T-UI-015-H continue/open box score; T-UI-015-E missing model; T-UI-015-C duplicate continue; T-UI-015-A AX5.","Implemented; match/read-model paths covered; live journey unverified",0,Medium,"Box score is a child route of the aftermath model.",2026-08-19,"AftermathView.swift; GameDetailBoxScoreView.swift; CoachWorldAppRootView.swift"
UI-016,Roster,"As a coach, I want to inspect my roster so I can make personnel decisions.","Show authoritative roster rows, positions, ratings/evidence, jersey numbers, status, and links to profiles/development/health.","Empty roster; duplicate jersey numbers; injured player; long name; sort/filter; player unavailable.","Rows derive from controlled programme/team ownership; jersey assignment is deterministic and bounded.","CoachWorldPersonnelProvider; RosterView; JerseyNumbers; PlayerProfileReadModel","Player identity and ratings are fictional and deterministic.","T-UI-016-H inspect/sort/profile; T-UI-016-B empty/duplicate numbers; T-UI-016-A AX5/long names.","Implemented; provider/jersey/read-model suites passed; live journey unverified",1,High,"Prior critique reported generated-name truncation; needs device verification.",2026-08-19,"RosterView.swift; CoachWorldPersonnelProvider.swift; JerseyNumberTests.swift"
UI-017,Depth Chart,"As a coach, I want to assign depth and personnel packages so the game uses the roster roles I intend.","Display position units and valid placements; allow supported depth/personnel-plan selections; reject invalid or stale actions.","Missing position coverage; duplicate player; empty unit; invalid package; long names.","Position eligibility and minimum playable coverage are enforced by model/rules.","DepthChartView; PersonnelPackagesView; DepthChart; CoachWorldStore.setPersonnelPlan","Depth chart does not mutate hidden player attributes.","T-UI-017-H assign/select; T-UI-017-I invalid position/player; T-UI-017-B minimum playable coverage; T-UI-017-A AX5.","Implemented; depth-chart and model suites passed; live journey unverified",0,Medium,"The package route is an alias into the depth-chart host.",2026-08-19,"DepthChartView.swift; PersonnelPackagesView.swift; DepthChartTests.swift"
UI-018,Player Profile,"As a coach, I want a player profile with development evidence so I can make informed personnel decisions.","Open a selected controlled-roster player; show authoritative identity, ratings, health, history, and development evidence; return to roster.","Unknown player ID; departed player; selected subject missing after save restore; long name; no development evidence.","Profile selection must match controlled roster or pro-team ownership; no hidden truth is invented.","PlayerProfileView; CoachWorldPersonnelProvider.playerProfile; presentation.selectedSubjectID","The profile is read-only and uses the same stable identity as roster rows.","T-UI-018-H open/close; T-UI-018-E unknown/departed ID; T-UI-018-R restore selected subject; T-UI-018-A VoiceOver.","Implemented; read-model tests passed; live journey unverified",0,Medium,"Subject ID persistence is covered by save round-trip tests.",2026-08-19,"PlayerProfileView.swift; CoachWorldStore.swift; SaveDocumentTests.swift"
UI-019,Development Plan,"As a coach, I want to inspect development evidence so I can understand why a player changed.","Open development readouts for a roster player and return without making up a mutation.","No roster; unknown ID; no history; close from profile vs roster.","Only retained development records are displayed; open action is presentation-only.","DevelopmentPlanView; CoachWorldStore.openDevelopmentEvidence; PeopleLifecycleSystem","Development changes occur through lifecycle simulation, not this view.","T-UI-019-H inspect/return; T-UI-019-E unknown player; T-UI-019-R no mutation; T-UI-019-A AX5.","Implemented; lifecycle/read-model paths covered; live journey unverified",0,Medium,"The root callback intentionally records a receipt rather than inventing an editing flow.",2026-08-19,"DevelopmentPlanView.swift; CoachWorldStore.swift; PeopleLifecycleTests.swift"
UI-020,Staff Room,"As a coach, I want to inspect employed staff and their roles so I can understand delegated responsibilities.","Show current staff profiles, roles, ratings, continuity, and supported links; keep staff ownership tied to the controlled organisation.","Missing role; no staff; delegated decision; pro vs college staff; long names.","Staff must be employed by the controlled organisation; role labels come from canonical mappings.","CoachWorldStaffRoomProvider; StaffRoomView; StaffMarketProfileView; Staff state","Staff market is distinct from staff currently employed.","T-UI-020-H inspect staff/profile; T-UI-020-B missing role; T-UI-020-C delegated responsibility; T-UI-020-A AX5.","Implemented; lifecycle/provider suites passed; live journey unverified",0,Medium,"Staff Market & Profile is a composite alias into Staff Room.",2026-08-19,"StaffRoomView.swift; CoachWorldStaffRoomProvider.swift; CoachingTreeTests.swift"
UI-021,Staff Market & Profile,"As a coach, I want to review staff market information where available so I can understand hiring options.","Resolve to the Staff Room host while preserving the legacy route identity for migration/proof tooling.","No staff model; unavailable market; stale route.","Route canonicalizes to Staff Room; no unsupported action is exposed.","ScreenRegistry; StaffRoomReadModel; StaffMarketProfileView","The current code may expose only a read-only profile, not a complete hiring market.","T-UI-021-H route/inspect; T-UI-021-E unavailable model; T-UI-021-N alias restore.","Implemented as alias to Staff Room; live journey unverified",0,Medium,"Feature completeness beyond profile display remains unverified.",2026-08-19,"ScreenRegistry.swift; StaffMarketProfileView.swift"
UI-022,Scheme Book,"As a coach, I want to understand scheme identity and fit so I can choose tactics deliberately.","Resolve through the Game Plan host and show available scheme-plan information without creating unsupported ratings.","No game-plan model; invalid scheme; stale route; no fit observation.","Only valid TacticalPlan values can be committed; evidence must be retained by the authority.","SchemeBookView; GamePlanView; TacticalPlan","Scheme Book is a legacy alias, not a separate backend model.","T-UI-022-H inspect/select; T-UI-022-E invalid/no model; T-UI-022-N alias navigation.","Implemented as alias to Game Plan; live journey unverified",0,Medium,"The UI boundary does not own GameState.",2026-08-19,"ScreenRegistry.swift; SchemeBookView.swift; TacticalStateTests.swift"
UI-023,Personnel Packages,"As a coach, I want to choose personnel packages so my tactical plan matches available players.","Resolve through the Depth Chart host and allow only valid personnel plans.","No depth chart; invalid package; duplicate selection; stale route.","PersonnelPlan enum and position eligibility are validated by the session.","PersonnelPackagesView; DepthChartView; CoachWorldStore.setPersonnelPlan","Legacy alias to Depth Chart.","T-UI-023-H select package; T-UI-023-E invalid/stale; T-UI-023-N alias route.","Implemented as alias to Depth Chart; live journey unverified",0,Medium,"No separate package persistence model is present.",2026-08-19,"ScreenRegistry.swift; PersonnelPackagesView.swift"
UI-024,Recruiting Board,"As a college coach, I want a bounded board of prospects so I can invest limited recruiting resources.","List board and discovery prospects with observer-specific evaluations, costs, availability, and actions to contact/evaluate/visit/offer/withdraw.","Board full; portal closed; no points; prospect removed; action ownership delegated; duplicate action.","Board size, phase, contact points, scholarship capacity, and ownership are checked before actions.","CoachWorldRecruitingBoardProvider; RecruitingBoardView; CollegeRecruitingSystem; CoachWorldStore.actOnProspect","Prospect IDs are stable and observer knowledge is not hidden truth.","T-UI-024-H contact/evaluate/visit/offer; T-UI-024-B board/points/capacity; T-UI-024-S stale prospect; T-UI-024-A AX5.","Implemented; recruiting/provider suites passed; live journey unverified",1,High,"Recruiting is a major user journey and was not covered by the live simulator walkthrough.",2026-08-19,"RecruitingBoardView.swift; CoachWorldRecruitingBoardProvider.swift; CollegeStateTests.swift"
UI-025,Prospect Profile,"As a recruiter, I want a prospect detail view so I can evaluate one candidate and take a valid action.","Open a selected board/discovery prospect; show evidence, fit, status, and available actions; return to board.","Unknown prospect; prospect not on board; action becomes unavailable; portal phase changes.","Actions are revalidated by stable prospect ID and current recruiting authority.","ProspectProfileView; CoachWorldRecruitingBoardProvider; RecruitingBoardView","A prospect is not a player until signing.","T-UI-025-H inspect/action/close; T-UI-025-E unknown/stale; T-UI-025-P hidden-truth separation; T-UI-025-A VoiceOver.","Implemented; provider/recruiting suites passed; live journey unverified",0,Medium,"The model carries explicit evaluation confidence rather than printing hidden truth.",2026-08-19,"ProspectProfileView.swift; CoachWorldRecruitingBoardProvider.swift; RecruitingBoardView.swift"
UI-026,Shortlist,"As a recruiter, I want a focused shortlist so I can prioritize prospects without changing the board.","Show the board's selected/shortlisted prospects and open their profiles.","Empty shortlist; prospect removed; duplicate IDs; long list.","Shortlist membership must refer to current board/discovery IDs.","ShortlistView; RecruitingBoardReadModel","Shortlist is presentation/read-model behavior, not a separate simulation ledger.","T-UI-026-H open prospect; T-UI-026-E empty/stale; T-UI-026-A long list/AX5.","Implemented; read-model path covered; live journey unverified",0,Medium,"No separate shortlist mutation is present in the root router.",2026-08-19,"ShortlistView.swift; ScreenRegistry.swift"
UI-027,Contact & Visit Planner,"As a recruiter, I want to schedule contacts and visits while seeing their cost and eligibility.","Show valid contact/visit actions and commit them through the recruiting authority.","No points; visit already scheduled; portal closed; no board slot; delegated ownership.","Contact-point costs, recruiting phase, board membership, and user ownership are checked.","ContactVisitPlannerView; CoachWorldStore.actOnProspect; CollegeRecruitingSystem","Visits are bounded by recruiting rules and share the NIL/recruiting ledger constraints.","T-UI-027-H schedule contact/visit; T-UI-027-B zero points; T-UI-027-S stale ID; T-UI-027-A AX5.","Implemented; recruiting transaction coverage passed; live journey unverified",0,Medium,"Planner is a focused route over the same board read model.",2026-08-19,"ContactVisitPlannerView.swift; CoachWorldRecruitingBoardProvider.swift"
UI-028,Class Overview,"As a recruiter, I want a class overview so I can judge roster needs and current commitments.","Show class rows/counts derived from recruiting state and route back to recruiting surfaces.","No prospects; class limit; released commitment; signing boundary; position need changes.","Counts and capacity are derived from authoritative recruiting/programme state.","ClassOverviewView; RecruitingBoardReadModel; CollegeCommitmentCapacitySystem","Class overview is informational unless an action is explicitly wired.","T-UI-028-H inspect class; T-UI-028-B capacity zero/full; T-UI-028-R signing boundary; T-UI-028-A AX5.","Implemented; commitment/provider suites passed; live journey unverified",0,Medium,"Position needs are generated by the provider from current roster state.",2026-08-19,"ClassOverviewView.swift; CollegeCommitmentTests.swift"
UI-029,Signing Day,"As a college coach, I want signing-day resolution to make commitments authoritative.","Show signing-phase decisions and resolve valid signings/releases at the authoritative boundary.","Commitment capacity changed; missing prospect; scholarship full; exceptional release; repeat resolution.","Signing and commitment reservations preserve capacity and record explicit outcomes.","SigningDayView; CollegeSigningSystem; CollegeCommitmentCapacitySystem; CollegeOffseasonReadModel","Signing is the transition that creates the persistent college player.","T-UI-029-H sign/release; T-UI-029-B capacity; T-UI-029-S repeated resolution; T-UI-029-I hostile state.","Implemented; commitment tests passed; live journey unverified",0,High,"Signing is a business boundary and should be included in the next live career walkthrough.",2026-08-19,"SigningDayView.swift; CollegeCommitmentTests.swift; CollegeStateTests.swift"
UI-030,Portal Hub,"As a college coach, I want to see the transfer portal state so I can retain or acquire players.","Resolve the legacy Portal Hub route to the College Offseason host and show current portal phase/resources/actions there.","Portal closed; no entrants; no retention capacity; stale legacy route.","Portal phase and transaction authority control availability.","PortalHubView; CollegeOffseasonView; CollegePortalPolicyV1; ScreenRegistry","Portal Hub is a legacy alias to College Offseason.","T-UI-030-H open portal; T-UI-030-E closed/no entrants; T-UI-030-N alias restore.","Implemented as alias to College Offseason; portal suites passed; live journey unverified",0,High,"Portal routes are composite and need explicit end-to-end verification.",2026-08-19,"PortalHubView.swift; ScreenRegistry.swift; PortalPolicyTests.swift"
UI-031,Retention Decisions,"As a college coach, I want to decide which portal entrants to retain so I can protect roster continuity.","Resolve to College Offseason and commit valid retention decisions through portal authority.","Player ineligible; retention budget exhausted; repeated decision; missing player.","Eligibility, retention capacity, NIL ledger, and controlled ownership are checked.","RetentionDecisionsView; CollegePortalTransactionV1; CollegePortalPolicyV1","Legacy alias to College Offseason.","T-UI-031-H retain/release; T-UI-031-B capacity; T-UI-031-S stale player; T-UI-031-N alias.","Implemented as alias to College Offseason; portal transaction suites passed; live journey unverified",0,High,"Requires a live offseason state to exercise.",2026-08-19,"RetentionDecisionsView.swift; PortalTransactionTests.swift"
UI-032,Portal Market,"As a college coach, I want to evaluate portal entrants and destinations so I can make transfer choices.","Resolve to College Offseason and display entrant observations/actions without regenerating player identities.","No entrants; closed window; player identity mismatch; destination full.","Portal player identity persists; policy and transaction functions revalidate destination/capacity.","PortalMarketView; CollegePortalMatchingV1; CollegePortalPolicyV1","Legacy alias to College Offseason.","T-UI-032-H inspect/offer; T-UI-032-E closed/no entrants; T-UI-032-I identity mismatch; T-UI-032-N alias.","Implemented as alias to College Offseason; portal matching suites passed; live journey unverified",0,High,"A portal entrant retains the same player identity by domain contract.",2026-08-19,"PortalMarketView.swift; PortalMatchingTests.swift; CONTEXT.md"
UI-033,NIL Allocation,"As a college coach, I want to allocate bounded NIL resources so I can influence recruiting and retention.","Resolve to College Offseason and commit integer NIL allocations through the single ledger.","Zero budget; negative amount; amount over budget; duplicate promise; recruiting vs portal collision.","Amounts are non-negative integers; ledger prevents double spend and preserves balance.","NilAllocationView; ProgrammeNILState; CollegeRecruitingSystem; CollegePortalTransactionV1","NIL is not salary or a pro contract.","T-UI-033-H allocate; T-UI-033-B zero/over-budget; T-UI-033-I negative/duplicate; T-UI-033-N alias.","Implemented as alias to College Offseason; transaction suites passed; live journey unverified",0,High,"The ledger is a critical data-integrity seam.",2026-08-19,"NilAllocationView.swift; CollegeStateTests.swift; PortalTransactionTests.swift"
UI-034,Cap & Contracts,"As a professional coach, I want cap and contract information so I can make legal roster choices.","Show cap snapshot, contracts, and valid management actions for the controlled pro team.","No pro job; cap full; expired contract; injured player; minimum roster constraints.","Cap hits and roster legality are computed by ProManagementSystem; invalid actions are unavailable/refused.","CapContractsView; CoachWorldProManagementProvider; ProManagementSystem; ProRules","Only available after promotion to pro tier.","T-UI-034-H inspect contract; T-UI-034-B cap boundary; T-UI-034-I illegal release/sign; T-UI-034-A AX5.","Implemented; cap/pro-management suites passed; live pro journey unverified",1,High,"Pro management was not visually verified on a simulator per current status.",2026-08-19,"CapContractsView.swift; CoachWorldProManagementProvider.swift; CapComplianceTests.swift"
UI-035,Contract Negotiation,"As a professional coach, I want to review active negotiations and make a legal response.","Show negotiation rows and resolve supported pro-management actions through the authority.","Negotiation closed; invalid offer; cap change; duplicate response; player no longer controlled.","Contract terms and cap legality are validated before mutation.","ContractNegotiationView; CoachWorldStore.actOnProManagement; ProManagementSystem","Negotiations are pro-only and state-backed.","T-UI-035-H respond; T-UI-035-E stale/closed; T-UI-035-B cap boundary; T-UI-035-R persistence.","Implemented; pro-management tests passed; live pro journey unverified",0,High,"The view and provider compile but do not have live sample fixtures in the debug harness.",2026-08-19,"ContractNegotiationView.swift; ProManagementTests.swift; docs/STATUS.md"
UI-036,Roster Cuts & Transactions,"As a professional coach, I want to release or transact players without breaking roster legality.","Show release/transaction actions; confirm destructive release; apply only legal actions and refresh cap/roster state.","Minimum position coverage; duplicate action; released player; cap impact; practice squad boundary.","Active roster minimums and ownership are checked before release/transaction.","RosterCutsTransactionsView; ProManagementSystem; CoachWorldStore.actOnProManagement","Destructive actions must be clearly placed and confirmed.","T-UI-036-H legal release; T-UI-036-B minimum coverage; T-UI-036-I stale/illegal; T-UI-036-A target and confirmation.","Implemented; pro-management tests passed; live pro journey unverified",0,High,"Manual UX verification is required for destructive action placement.",2026-08-19,"RosterCutsTransactionsView.swift; ProManagementTests.swift"
UI-037,Pro Scouting Board,"As a professional coach, I want to inspect draft and market scouting evidence so I can spend limited points deliberately.","Resolve the legacy route to Pro Offseason and show observer-scoped prospect evidence/actions.","No draft class; no scouting points; stale prospect; hidden truth exposure.","Observation confidence and available points come from pro market state; actions are revalidated.","ProScoutingBoardView; ProOffseasonReadModel; ProMarketState","Legacy alias to Pro Offseason.","T-UI-037-H inspect/scout; T-UI-037-B zero points; T-UI-037-P hidden truth; T-UI-037-N alias.","Implemented as alias to Pro Offseason; pro-market tests passed; live pro journey unverified",0,High,"No independent pro scouting model is exposed by the router.",2026-08-19,"ProScoutingBoardView.swift; CoachWorldProOffseasonProvider.swift; ProMarketTests.swift"
UI-038,Draft Board,"As a professional coach, I want to prepare for the draft and see the current pick context.","Resolve the legacy route to Pro Offseason and show draft prospects/actions when the phase supports them.","Not draft phase; pick belongs to another team; roster full; no prospects; stale pick.","Draft phase, current pick team, roster capacity, and prospect eligibility gate actions.","DraftBoardView; ProOffseasonReadModel; ProMarketState; ProRules","Legacy alias to Pro Offseason.","T-UI-038-H inspect/current pick; T-UI-038-B phase/pick/roster boundary; T-UI-038-S stale pick; T-UI-038-N alias.","Implemented as alias to Pro Offseason; pro-market tests passed; live pro journey unverified",0,High,"Draft action must be verified on a real pro-offseason state.",2026-08-19,"DraftBoardView.swift; CoachWorldProOffseasonProvider.swift; ProMarketTests.swift"
UI-039,Draft Room,"As a professional coach, I want to make my draft pick when it is my turn.","Show the draft room only when the controlled team owns the current pick and phase is draft; commit a valid selection.","Wrong team pick; phase changed; prospect selected twice; full roster; invalid prospect ID.","Current pick team, draft phase, roster capacity, and draft class membership are revalidated.","DraftRoomView; ProMarketSystem; CoachWorldStore.actOnProMarket","Draft Room is a separate host from the legacy board alias.","T-UI-039-H make pick; T-UI-039-E wrong turn/phase; T-UI-039-S stale pick; T-UI-039-R after pick state.","Implemented; pro-market tests passed; live pro journey unverified",0,High,"Shown only when proOffseason.phase == draft.",2026-08-19,"DraftRoomView.swift; CoachWorldAppRootView.swift; ProMarketTests.swift"
UI-040,Free Agency,"As a professional coach, I want to sign legal free agents within cap and roster constraints.","Resolve the legacy route to Pro Offseason and show available free agents/actions with refusal reasons.","No cap; roster full; free agent disappears; minimum contract; duplicate signing.","Cap remaining, active roster limit, market membership, and contract minimum are checked.","FreeAgencyView; ProOffseasonReadModel; ProMarketSystem; ProRules","Legacy alias to Pro Offseason.","T-UI-040-H sign; T-UI-040-B cap/roster minimum; T-UI-040-S stale player; T-UI-040-N alias.","Implemented as alias to Pro Offseason; pro-market tests passed; live pro journey unverified",0,High,"The view exposes availability but live signing is not device-verified.",2026-08-19,"FreeAgencyView.swift; CoachWorldProOffseasonProvider.swift; ProMarketTests.swift"
UI-041,League Map,"As a coach, I want a map of the football world so I can navigate programmes and conferences.","Show generated fictional geography and organisations; select a team and route to its profile.","Empty map; selected ID absent; duplicate identity; long names; zoom/scroll at install floor.","Map entities and organisation IDs must resolve through the read model.","LeagueMapView; CoachWorldLeagueMapProvider; TeamProgrammeProfileView","The current implementation is a geographic map, not a standings table.","T-UI-041-H pan/select; T-UI-041-E missing entity; T-UI-041-A AX5/long names; T-UI-041-R install floor.","Implemented; provider and contract suites passed; live map unverified",1,High,"F-19 remains an open product/design truth decision: map vs standings reference.",2026-08-19,"LeagueMapView.swift; CoachWorldLeagueMapProvider.swift; docs/STATUS.md"
UI-042,Team / Programme Profile,"As a coach, I want to inspect a team or programme so I can compare its identity, record, roster, staff, and fixtures.","Show the selected organisation's fictional identity, tier, conference, record, roster/staff counts, fixtures, and rivalries.","Unknown organisation; no conference; no fixtures; college vs pro; stale selection.","Organisation must exist; optional conference/division fields remain absent rather than invented.","CoachWorldTeamProfileProvider; TeamProgrammeProfileView; selectedSubjectID","Profile is read-only and selected team is persisted.","T-UI-042-H select from map/search; T-UI-042-E unknown ID; T-UI-042-R restore; T-UI-042-A AX5.","Implemented; provider tests passed; live profile unverified",0,Medium,"Uses controlled competition tier for labels.",2026-08-19,"CoachWorldTeamProfileProvider.swift; TeamProgrammeProfileView.swift"
UI-043,Standings,"As a coach, I want current standings and tiebreak context so I can understand competitive position.","Show authoritative standings for the controlled tier with safe tie-aware ordering and team selection.","Tie records; no standings; conference boundary; selected team absent; long names.","Ordering and tiebreak rules come from CompetitionState; no view-side aggregate recomputation.","StandingsView; CompetitionReadModel; CompetitionReducer","Standings are deterministic and tied to the active tier.","T-UI-043-H inspect/select; T-UI-043-B ties/empty; T-UI-043-A VoiceOver row sentence; T-UI-043-R restore.","Implemented; competition suites passed; live standings unverified",0,Medium,"Read-model contract covers provider but not manual VoiceOver.",2026-08-19,"StandingsView.swift; CompetitionTests.swift; CoachWorldCompetitionProvider.swift"
UI-044,Schedule,"As a coach, I want the season schedule so I can anticipate fixtures and bye weeks.","List controlled-team fixtures in calendar order and route a completed game to detail where available.","Bye week; no schedule; postponed/complete game; next fixture absent; season boundary.","Schedule order follows CalendarState; fixture IDs are stable.","ScheduleView; CoachWorldCompetitionProvider; GameState.competition.currentSchedule","Schedule is generated deterministically for the active tier.","T-UI-044-H inspect upcoming/completed; T-UI-044-B bye/season boundary; T-UI-044-R route to match/detail.","Implemented; competition/read-model suites passed; live schedule unverified",0,Medium,"Fixture actions depend on current phase and match state.",2026-08-19,"ScheduleView.swift; CoachWorldCompetitionProvider.swift; CompetitionTests.swift"
UI-045,Rankings & Playoff Picture,"As a coach, I want rankings and postseason context so I can understand selection and bracket implications.","Show competition overview rankings/playoff picture and allow team selection.","No postseason; tie; bracket not earned; wrong tier; selected team absent.","Overview is derived from competition state; bracket advancement is earned by results.","RankingsPlayoffPictureView; CompetitionOverviewReadModel; PostseasonSystem","The rankings view and playoff picture are one host.","T-UI-045-H inspect/select; T-UI-045-B tie/no postseason; T-UI-045-R season rollover; T-UI-045-A AX5.","Implemented; competition suites passed; live overview unverified",0,Medium,"Prior critique observed Rankings and Bracket sharing a view; documented as composite behavior.",2026-08-19,"RankingsPlayoffPictureView.swift; CoachWorldCompetitionProvider.swift"
UI-046,Bracket / Postseason,"As a coach, I want postseason brackets and champions so I can follow the season's earned outcomes.","Show the current bracket, advancement, and champion from authoritative competition state.","No bracket; unearned round; tie/bye; season rollover; missing archive.","Round advancement and champion are result-owned; no UI-side advancement.","BracketPostseasonView; PostseasonSystem; CompetitionState","Bracket size is fixed by competition rules.","T-UI-046-H inspect rounds/champion; T-UI-046-B no bracket/bye; T-UI-046-R rollover/archive.","Implemented; competition and history suites passed; live postseason unverified",0,Medium,"Composite with competition overview is intentional in current router.",2026-08-19,"BracketPostseasonView.swift; PostseasonSystem.swift; CompetitionTests.swift"
UI-047,Game Detail / Box Score,"As a coach, I want a completed game's detailed result so I can inspect the recorded performance.","Show authoritative box-score/read-model details for the selected aftermath and return to aftermath.","No completed game; absent player stats; draw; stale aftermath.","Detail is only reachable when aftermath exists; figures come from recorded game data.","GameDetailBoxScoreView; AftermathReadModel; MatchReducer","Box score is not a separate simulation path.","T-UI-047-H open/close; T-UI-047-E missing aftermath; T-UI-047-R stale route; T-UI-047-A VoiceOver.","Implemented; match/read-model suites passed; live detail unverified",0,Medium,"No view-side aggregate computation is allowed by architecture contract.",2026-08-19,"GameDetailBoxScoreView.swift; AftermathView.swift"
UI-048,Statistics & Leaders,"As a coach, I want league leaders and statistics so I can assess performance across the competition.","Show bounded leader rows/categories derived from authoritative player statistics.","No stats; ties; missing team; category empty; huge leader set.","Statistics provider handles empty categories and maps player/team IDs through state.","CoachWorldStatisticsProvider; StatisticsLeadersView; CompetitionState.playerStatistics","Stats are read-only and deterministic.","T-UI-048-H categories/leaders; T-UI-048-B empty/ties; T-UI-048-A row sentence/AX5.","Implemented; provider/competition suites passed; live stats unverified",0,Medium,"Manual checks needed for generated names and row readability.",2026-08-19,"CoachWorldStatisticsProvider.swift; StatisticsLeadersView.swift"
UI-049,Awards & Honours,"As a coach, I want awards and honours so I can understand season and career recognition.","Show awards and archived honours derived from competition history.","No awards; duplicate award; missing player/team; season rollover; archive bounds.","Awards derive from completed competition archives and stable IDs.","CoachWorldStatisticsProvider.awardsHonours; AwardsHonoursView; Competition archives","Honours are fictional and based on simulated results.","T-UI-049-H inspect; T-UI-049-E empty/archive missing; T-UI-049-R rollover; T-UI-049-A AX5.","Implemented; history/competition suites passed; live awards unverified",0,Medium,"Dependent on completed seasons for meaningful data.",2026-08-19,"AwardsHonoursView.swift; CoachWorldStatisticsProvider.swift"
UI-050,News,"As a coach, I want a bounded news feed so I can understand what changed in the world.","Show ordered, bounded derived stories from recent events and open supported destinations.","No news; many events; duplicate story; stale subject; history overflow.","News is derived from domain events, ordered deterministically, and bounded.","CoachWorldNewsProvider; NewsView; NewsFeedReadModel","News is offline and generated from the same event ledger.","T-UI-050-H open/read; T-UI-050-B empty/bounds; T-UI-050-R archive rollover; T-UI-050-A AX5.","Implemented; news/history suites passed; live news unverified",0,Medium,"The current HQ correspondence callback does not open a news item; verify intended behavior.",2026-08-19,"NewsView.swift; CoachWorldNewsProvider.swift; NewsFeedTests.swift"
UI-051,Realignment Event,"As a coach, I want to see conference realignment evidence so I understand how the world changed.","Show recent realignment events, reason, swaps, and conference names from event history.","No event; malformed event; multiple events; missing conference; archive overflow.","Only events with valid realignment payloads are shown; names resolve through current map.","CoachWorldRealignmentProvider; RealignmentEventView; History.DomainEvent","Realignment is a simulation event, not a user-authored edit.","T-UI-051-H inspect event; T-UI-051-E no/malformed event; T-UI-051-R archive bounds.","Implemented; realignment/history suites passed; live event unverified",0,Medium,"Feature appears only after world changes generate an event.",2026-08-19,"CoachWorldRealignmentProvider.swift; RealignmentEventView.swift; RealignmentTests.swift"
UI-052,Career Hub,"As a coach, I want a career hub showing my job, opportunities, and stakes so I can navigate the promotion arc.","Show current job/opportunities, accept/resign actions, career focus routes, and continue behavior.","No opportunity; stale opportunity; resignation; no college control; pro job; duplicate accept.","Career authority validates stable IDs, tier, and transitions; refusable actions show player-facing copy.","CareerHubView; CoachWorldCareerProvider; CareerSession; CoachWorldStore","Promotion is earned through the persistent career, not a separate mode.","T-UI-052-H accept/resign/focus; T-UI-052-E stale/no job; T-UI-052-R restore; T-UI-052-A AX5.","Implemented; career tests passed; live career journey unverified",1,High,"Career/pro surfaces were not included in the latest simulator proof harness.",2026-08-19,"CareerHubView.swift; CoachWorldCareerProvider.swift; CareerArcTests.swift"
UI-053,Job Security,"As a coach, I want to understand job security so I can manage performance and expectations.","Resolve the legacy route to Career Hub focus and show supported stakeholder/job-security evidence.","No career model; no current job; boundary season; missing stakeholder data.","Only CareerHubReadModel fields are displayed; no invented thresholds.","JobSecurityView; CareerHubReadModel; ScreenRegistry","Legacy alias routes through Career Hub.","T-UI-053-H inspect; T-UI-053-E no career; T-UI-053-N alias; T-UI-053-A AX5.","Implemented as alias to Career Hub; career tests passed; live unverified",0,High,"Content completeness is dependent on career read-model evidence.",2026-08-19,"JobSecurityView.swift; ScreenRegistry.swift"
UI-054,Stakeholders,"As a coach, I want stakeholder signals so I can understand how the organisation views my work.","Show supported stakeholder rows and career consequences without mutating state directly.","Missing stakeholder; boundary values; resignation; promotion; no current job.","Values come from CareerHubReadModel and are formatted as sentences.","StakeholdersView; CareerHubReadModel; CareerSession","Stakeholder values are only shown when engine-backed.","T-UI-054-H inspect; T-UI-054-B boundary; T-UI-054-R career transition; T-UI-054-A VoiceOver.","Implemented; career provider/tests passed; live unverified",0,High,"Route currently uses Career Hub as host/focus.",2026-08-19,"StakeholdersView.swift; CoachWorldCareerProvider.swift"
UI-055,Promotion Decision,"As a college coach who has earned it, I want a clear promotion decision so I can choose whether to move tiers.","Show eligible promotion opportunity/decision and commit or defer through career authority.","Not eligible; no pro jobs; stale opportunity; acceptance changes controlled tier; decline/resign.","Promotion eligibility and destination are validated by CareerControlSystem/CareerArcState.","PromotionDecisionView; CareerSession; CareerControlSystem; CareerArcState","Promotion is earned, not guaranteed.","T-UI-055-H accept/defer; T-UI-055-E ineligible/stale; T-UI-055-R restore after promotion; T-UI-055-A AX5.","Implemented; career authority tests passed; live promotion unverified",0,High,"Promotion and navigation now require an actionable professional opportunity; an end-to-end season walk remains unverified.",2026-08-19,"PromotionDecisionView.swift; CareerArcTests.swift; CareerControlTests.swift; CoachWorldAppRootView.swift"
UI-056,Coaching Carousel,"As a coach, I want the carousel/opportunity view so I can compare possible next jobs.","Resolve to Career Hub and show available coaching opportunities using stable IDs.","No jobs; duplicate jobs; stale job; current job removed; long team names.","Opportunity list is generated by career provider and actions are revalidated.","CoachingCarouselView; CareerHubReadModel; CoachWorldStore.acceptCareerOpportunity","Legacy alias/focus behavior is currently composite.","T-UI-056-H compare/accept; T-UI-056-E no/stale jobs; T-UI-056-N alias; T-UI-056-A AX5.","Implemented as alias to Career Hub; career tests passed; live unverified",0,High,"No separate carousel model is present.",2026-08-19,"CoachingCarouselView.swift; ScreenRegistry.swift"
UI-057,Record Book,"As a long-career coach, I want a durable record book so I can inspect historical achievements.","Show bounded historical aggregates/read models without recalculating from raw state in the view.","No history; archive overflow; 20-season durability; missing record context; empty player history.","History provider owns aggregates; archive bounds and hostile digest validation are enforced.","LegacyHistoryView; RecordBookView; CoachWorldHistoryProvider; History archive","History is bounded and persisted as compact records.","T-UI-057-H inspect records; T-UI-057-B empty/bounds; T-UI-057-R 20-season archive; T-UI-057-I hostile digest.","Implemented; history archive/gate suites passed; live long-career UI unverified",0,Medium,"The product promises decades; UI durability needs a soak plus manual inspection.",2026-08-19,"RecordBookView.swift; HistoryArchiveTests.swift; HistoryGateTests.swift"
UI-058,Rivalries,"As a coach, I want living rivalries so I can see persistent competitive context.","Show bounded strongest rivalries for the controlled organisation with earned intensity/order.","No rivalries; ties; replacement; missing organisation; archive bounds.","Rivalry order is deterministic, bounded, and derived from accumulated results/events.","RivalriesView; RivalrySystem; CoachWorldHistoryProvider","Rivalries are fictional generated relationships.","T-UI-058-H inspect; T-UI-058-B empty/ties/bounds; T-UI-058-R season growth; T-UI-058-A AX5.","Implemented; rivalry suites passed; live unverified",0,Medium,"Manual check needed for long rivalry names and row labels.",2026-08-19,"RivalriesView.swift; RivalryOrderTests.swift; CoachWorldHistoryProvider.swift"
UI-059,Career Line,"As a coach, I want my career line so I can see appointments, seasons, and outcomes over time.","Show persistent career records in chronological order with tier/job transitions.","No records; same-season transition; resignation; promotion; long career; missing team.","Career records are authoritative and ordered by season/calendar, not view inference.","CareerLineView; CareerSession; CareerArcState; History provider","The career is one coach/save across tiers.","T-UI-059-H inspect chronology; T-UI-059-B empty/same-season; T-UI-059-R promotion; T-UI-059-A AX5.","Implemented; career/history tests passed; live unverified",0,Medium,"Core persistence promise needs multi-season manual confirmation.",2026-08-19,"CareerLineView.swift; CareerArcTests.swift; CoachWorldHistoryProvider.swift"
UI-060,Coaching Tree,"As a coach, I want my coaching tree so I can see staff continuity and influence over time.","Show derived coaching-tree relationships, bounded seasons, and deterministic ordering.","No tree; missing parent; duplicate staff; departed coach; archive bounds.","Tree derivation resolves stable staff IDs and preserves bounded histories.","CoachingTreeView; CoachingTreeReadModel; History provider","Tree is read-only and derived from staff career records.","T-UI-060-H inspect; T-UI-060-B empty/bounds; T-UI-060-R 20-season tree; T-UI-060-A AX5.","Implemented; coaching-tree suites passed; live unverified",0,Medium,"No simulator proof harness currently targets this surface.",2026-08-19,"CoachingTreeView.swift; CoachingTreeTests.swift"
UI-061,College Offseason,"As a college coach, I want one offseason command surface so I can resolve portal, NIL, redshirt, signing, and other bounded decisions.","Show current college offseason phase, pending decisions, resources, and route aliases; commit only valid actions; advance after resolution.","Awaiting spring; recruiting closed; signing phase; portal window; NIL budget; delegated decision; capacity changes.","Cycle phase, decision owner, capacity, ledger balances, eligibility, and state version gate actions.","CollegeOffseasonView; CollegeCycleSystem; CollegePortalPolicyV1; CollegeSigningSystem; CoachWorldStore.commit","Legacy portal/NIL/signing routes are composite aliases over this host.","T-UI-061-H resolve each phase; T-UI-061-B capacity/ledger/eligibility; T-UI-061-S stale decision; T-UI-061-R rollover.","Implemented; college/portal/commitment suites passed; live offseason unverified",1,High,"This is a central business process and needs a real career walkthrough.",2026-08-19,"CollegeOffseasonView.swift; CoachWorldCollegeOffseasonProvider.swift; CollegeStateTests.swift"
UI-062,Pro Offseason,"As a professional coach, I want one front-office surface so I can resolve draft, free agency, waivers, scouting, and cap actions.","Show pro offseason phase, cap, current pick, draft class, free agents, waivers, and available actions; route legacy pro screens into the composite host.","No pro job; wrong phase; cap full; current pick not controlled; waiver deadline; roster full.","Phase, ownership, cap, roster limits, market membership, and contract rules gate every action.","ProOffseasonView; ProMarketSystem; ProManagementSystem; CoachWorldStore.actOnProMarket","Legacy pro scouting/draft/free agency routes are aliases over this host.","T-UI-062-H draft/free agency/waiver; T-UI-062-B phase/cap/roster; T-UI-062-S stale market action; T-UI-062-R promotion/restore.","Implemented; pro-market/cap suites passed; live pro offseason unverified",1,High,"This is a central business process and current status explicitly says pro UI has no live fixtures.",2026-08-19,"ProOffseasonView.swift; CoachWorldProOffseasonProvider.swift; ProMarketTests.swift"
WF-001,Start and Restore Career,"As a player, I want a deterministic career to be created or restored safely so my progress is not lost or silently replaced.","Launch loads a valid primary/backup save or presents explicit new-career/recovery actions; new careers generate off-main-actor and persist before entering the world.","Corrupt primary/valid backup; corrupt both; future document; cancelled setup; generation failure; rapid retry.","Envelope/header/schema and whole-root integrity checks reject malformed data; local save writes are coordinated and recoverable.","CoachWorldAppRootView; CoachWorldSaveStore; CoachWorldSaveDocument; CareerSession","The app is offline and has one local save.","T-WF-001-H restore/new career; T-WF-001-E corrupt/future/both corrupt; T-WF-001-C repeated launch/retry; T-WF-001-P persistence.","Implemented; full suite passed; simulator walkthrough unverified",0,High,"No API or account dependency exists.",2026-08-19,"SaveDocumentTests.swift; CoachWorldAppRootView.swift"
WF-002,Weekly Command Loop,"As a coach, I want each week to require intentional preparation and then advance the world once.","Commit or delegate decisions, set tactical/practice/personnel plans, advance through CareerSession, rebuild all read models, persist the new presentation route.","Missing plans; delegated responsibility; stale decision; save failure; week boundary; season boundary.","CareerSession enforces ownership/preparation; store rebuilds after every intent; refusal copy explains how to unblock.","CoachWorldStore.run; CareerSession; WorldScheduler; SaveCoordinator","One user advance is one authoritative transition.","T-WF-002-H plan/advance; T-WF-002-E missing plans/delegated; T-WF-002-S stale intent; T-WF-002-R save/restore; T-WF-002-P performance.","Implemented; full suite passed; live weekly walkthrough unverified",1,High,"Prior live critique reported silent advance refusal; code now has refusal copy, but the visible receipt needs runtime verification.",2026-08-19,"CoachWorldStore.swift; CareerControlTests.swift; TacticalManagementTests.swift"
WF-003,Match Resolution Loop,"As a coach, I want match checkpoints and bounded calls so I can influence outcomes without direct player control.","Start/restore a match checkpoint, advance snaps, pause/take over, set tactics, answer call-ins, finish, and produce aftermath/box score.","Stale revision; match not started; final checkpoint; interruption; pause/takeover; save during match.","Fixture ID/revision/action payload is revalidated; no direct player-control input exists; state changes are deterministic.","MatchReducer; MatchDayView; CoachWorldStore.matchControl; Aftermath","Detailed engine calibration remains a separate open product gate.","T-WF-003-H full match; T-WF-003-E stale/not started; T-WF-003-B first/final checkpoint; T-WF-003-R save mid-match; T-WF-003-A VoiceOver.","Implemented; match/reducer suites passed; live full-match walkthrough unverified",1,High,"Manual interaction and orientation checks remain open.",2026-08-19,"MatchReducerTests.swift; MatchDayView.swift; PRODUCT.md"
WF-004,College Management Lifecycle,"As a college coach, I want recruiting, commitments, signing, portal, NIL, redshirt, and season rollover to preserve identity and capacity.","Run bounded annual recruiting and portal cycles with shared ledgers, authoritative signing/transfer transitions, eligibility/redshirt rules, and deterministic rollover.","Full board; zero points; competing commitments; capacity change; portal entrant identity; redshirt appearance; signing release.","Capacity, ownership, eligibility, ledger, and participant manifest invariants are checked at each boundary.","CollegeRecruitingSystem; CollegePortalTransactionV1; CollegeSigningSystem; CollegeRedshirtSystem; WorldScheduler","A prospect becomes a player only at signing; portal players retain identity.","T-WF-004-H recruiting→signing→portal→rollover; T-WF-004-B capacity/ledger/eligibility; T-WF-004-S stale action; T-WF-004-D determinism; T-WF-004-P 20-season soak.","Implemented; 225k+ checks across full suite; live lifecycle walkthrough unverified",0,High,"This is the core college business process.",2026-08-19,"CollegeStateTests.swift; PortalTransactionTests.swift; CollegeRedshirtTests.swift; SeasonRolloverTests.swift"
WF-005,Professional Management Lifecycle,"As a promoted coach, I want cap, contracts, draft, free agency, waivers, and roster legality to remain coherent.","Enter pro tier through career control; expose pro market/management phases; enforce cap, contract, roster, and pick ownership; roll over deterministically.","No pro team; cap boundary; wrong draft pick; roster full; waiver deadline; illegal release.","ProRules/ProManagementSystem and market transactions reject illegal state before mutation.","CareerArcState; ProMarketSystem; ProManagementSystem; ProRules; WorldScheduler","Pro surfaces are unavailable until promotion creates a pro job.","T-WF-005-H promotion→draft/free agency; T-WF-005-B cap/roster/pick; T-WF-005-S stale transaction; T-WF-005-D determinism.","Implemented; pro backend suites passed; live pro lifecycle unverified",1,High,"The backend is tested more strongly than the current UI journey.",2026-08-19,"ProMarketTests.swift; ProManagementTests.swift; CapComplianceTests.swift"
WF-006,Career Promotion Arc,"As a coach, I want one continuous career from college into professional football when earned.","Track current job, opportunities, resignation, promotion decisions, staff/career history, and restore the same tier/job from a save.","Ineligible promotion; no opportunity; accepted job; resignation; same-season transition; restore after promotion.","CareerControlSystem validates authority, job ownership, tier, and opportunity IDs.","CareerControlSystem; CareerArcState; CareerSession; CareerHubReadModel","Promotion is earned and not guaranteed by the entry flow.","T-WF-006-H earn/accept/restore; T-WF-006-E ineligible/stale; T-WF-006-R save across tier; T-WF-006-D deterministic opportunity ordering.","Implemented; career tests passed; end-to-end promotion unverified",1,High,"A top-level product promise remains manually unverified.",2026-08-19,"CareerArcTests.swift; CareerControlTests.swift; PRODUCT.md"
WF-007,History and World Evolution,"As a long-career player, I want the fictional world to evolve and retain bounded history.","Advance schedules, standings, postseason, awards, records, rivalries, realignment, news, coaching tree, and archives without uncontrolled growth or identity drift.","20-season history; archive overflow; hostile digest; realignment event; missing references; deterministic replay.","Domain event references, archive bounds, whole-root integrity, and deterministic seeds are enforced.","WorldScheduler; HistoryArchive; CompetitionState; RivalrySystem; RealignmentSystem; CoachingTreeReadModel","No network or external identities enter the world.","T-WF-007-H multi-season; T-WF-007-B archive bounds/missing refs; T-WF-007-D same seed replay; T-WF-007-Legal fictional identity.","Implemented; history/determinism/legal suites passed; full product soak/UI unverified",0,High,"The product promises decades; current save size/performance and visual continuity need a release soak on target hardware.",2026-08-19,"HistoryArchiveTests.swift; M1/M2 soak suites; LegalTests.swift; PRODUCT.md"
WF-008,Persistence and Recovery,"As a player, I want saves to be atomic, recoverable, bounded, and read-only on open.","Coalesce saves, write off the main actor, preserve backup/quarantine recovery, reject future/oversized/hostile input, and avoid writes during a valid load.","Power loss; corrupt primary; corrupt backup; oversized compressed body; generation exhaustion; concurrent save requests.","PFC1 header/version/size limits, schema migration, generation monotonicity, and atomic write semantics are validated.","CoachWorldSaveStore; SaveCoordinator; SaveEnvelope; SaveDocument","One primary and one backup are sufficient for v1 local save.","T-WF-008-H write/load; T-WF-008-E corruption/future/oversize; T-WF-008-C coalescing; T-WF-008-R read-only load; T-WF-008-P write budget.","Implemented; save suite passed; target-device performance unverified",0,High,"Uncompressed 20-season save-size history in docs exceeds the old 8 MB ceiling; compression/current release budget remains a risk.",2026-08-19,"SaveDocumentTests.swift; SaveEnvelopeTests.swift; docs/STATUS.md"
WF-009,Offline and Legal Boundary,"As a player, I want the app to work offline with a fictional universe and no external data collection.","Ship zero network/account/analytics/ad/IAP/subscription dependencies; generate fictional names/teams/cities/identity; keep optional future import out of v1.","Network unavailable; familiar-name collision; trade-dress similarity; attempted import; missing external assets.","Source and generation tests reject real identities/trade dress; Package.swift has zero third-party runtime dependencies.","Package.swift; GenerationVocabulary; LegalTests; App/project.yml","All world identities are generated and local.","T-WF-009-H launch offline; T-WF-009-E name collision/trade dress; T-WF-009-S no network imports; T-WF-009-D deterministic generation.","Implemented; legal/determinism suites passed; App Store/runtime audit unverified",0,High,"No HTTP/API routes were found in GitNexus route mapping or source.",2026-08-19,"PRODUCT.md; README.md; Package.swift; LegalTests.swift"
QA-001,Release Gate Traceability,"As a quality owner, I want every product commitment to point to an implemented runnable gate so a green claim means the promised quality was tested.","The product commitment table should map to actual test functions and executable commands; missing runners must fail the gate rather than pass registration-only.","Registered name with no runner; runner exists but not in default/full lane; stale docs; test-only string match; partial coverage.","Require a concrete runner/command mapping for every commitment; execute or explicitly mark unsupported gates; never treat name registration as implementation.","PRODUCT.md; SuiteCatalog; Tests/SimTests/main.swift; scripts/verify.sh","A named test is not evidence until it runs and covers the promised scope.","T-QA-001-H every commitment resolves to runner; T-QA-001-E missing runner; T-QA-001-R full lane mapping; T-QA-001-D detect stale docs.","Unsupported targets are explicitly listed outside the release-gate table; all verified commitments resolve to runnable runners",0,High,"Commitment coverage passes: 2 tests, 20 checks. The three unverified product targets remain visible in PRODUCT.md but are not release evidence until their dedicated instruments exist and run in CI. The host timing probe remains evidence only, not a device performance gate.",2026-08-19,"Tests/SimTests/SuiteCatalog.swift; Tests/SimTests/main.swift; PRODUCT.md; scripts/verify.sh --lane release"
QA-002,Live UI Journey Evidence,"As a quality owner, I want every major screen and journey exercised in a real career at the install floor so structural contracts do not mask unreachable or clipped features.","Run the app on the supported iPhone landscape floor through entry, weekly, match, college offseason, promotion, pro management, league, history, and settings; record screenshots/results in the same matrix.","Screen only reachable through debug proof; optional read model nil; long generated names; AX5; rotation; destructive action; no sample fixture.","A screen is not complete from compile/static evidence alone; live route and interaction must be recorded.","CoachWorldAppRootView; iOS simulator/device; canonical CSV","Current static contracts cannot prove runtime reachability or visual hierarchy.","T-QA-002-H complete career journey; T-QA-002-E unavailable route; T-QA-002-A AX5/VoiceOver; T-QA-002-R install-floor orientation; T-QA-002-P screenshot evidence.","Partial: 4 Debug UI proof tests pass; full live career matrix remains open",1,High,"The current simulator run proves the live read-model career hub, unavailable-route recovery, and redesigned job-board proof flow, including reset. It does not prove the complete entry-to-week-to-match-to-college-to-promotion-to-pro journey or install-floor visual coverage.",2026-08-19,"Tests/ProFootballCoachUITests/ProFootballCoachUITests.swift; docs/STATUS.md; docs/reviews/2026-08-18-exhaustive-design-critique.md; App/project.yml"
